Screen,Function,Level,Person in charge,Sprint,Note,BR,JOB
"S-01 â€“ Home / Landing Page (Guest, Buyer) â€“ BP3","Hiá»ƒn thá»‹ danh sÃ¡ch listing ná»•i báº­t (ACTIVE) ná»•i báº­t xÃ¡c Ä‘á»‹nh tháº¿ nÃ o (view count Ä‘á»ƒ xuÃ¢t hiá»‡n cÃ¡c xe ná»•i báº­t)
Xem danh sÃ¡ch xe (Äiá»u hÆ°á»›ng, Button, Link)
ÄÄƒng nháº­p / ÄÄƒng kÃ½ (Äiá»u hÆ°á»›ng, Button, Link)
Search

Hiá»ƒn thá»‹ danh sÃ¡ch listing ná»•i báº­t (ACTIVE)

Äiá»u hÆ°á»›ng:
Xem danh sÃ¡ch xe
ÄÄƒng nháº­p / ÄÄƒng kÃ½
Search nhanh (keyword â†’ S-30)",simple,"BE: Quang
FE: Huy",Sprint 1,https://phanthanhdat2505.atlassian.net/browse/SCRUM-38,"2ï¸âƒ£ Data Scope â€“ Tin Ä‘Äƒng hiá»ƒn thá»‹ (Ráº¤T QUAN TRá»ŒNG)
Business Rule (BP3 + AC):
Chá»‰ hiá»ƒn thá»‹ tin cÃ³ tráº¡ng thÃ¡i:
APPROVED / ACTIVE
âŒ KHÃ”NG hiá»ƒn thá»‹:
DRAFT
PENDING_APPROVAL
REJECTED
HELD
SOLD
ğŸ‘‰ FE khÃ´ng tá»± lá»c báº±ng logic nghiá»‡p vá»¥,
FE nháº­n Ä‘Ãºng danh sÃ¡ch tá»« backend.
3ï¸âƒ£ Ná»™i dung hiá»ƒn thá»‹ (FE View)
Má»—i item (card xe) hiá»ƒn thá»‹:
áº¢nh Ä‘áº¡i diá»‡n
TÃªn xe / tiÃªu Ä‘á»
GiÃ¡
TÃ¬nh tráº¡ng xe
ThÃ nh phá»‘ / khu vá»±c
Badge (náº¿u cÃ³ kiá»ƒm Ä‘á»‹nh)
âŒ KhÃ´ng hiá»ƒn thá»‹:
ThÃ´ng tin Seller riÃªng tÆ°
Tráº¡ng thÃ¡i ná»™i bá»™ (Pending, Heldâ€¦)
4ï¸âƒ£ CTA & Interaction Rules
4.1 Click vÃ o tin
Äiá»u hÆ°á»›ng â†’ S-32 â€“ Listing Detail (Public)
4.2 CTA theo tráº¡ng thÃ¡i user
Guest
CTA chÃ­nh: â€œXem chi tiáº¿tâ€
CTA bá»‹ khÃ³a:
Äáº·t mua
Wishlist
Náº¿u click CTA bá»‹ khÃ³a:
Redirect â†’ S-02 â€“ Login
Buyer (Ä‘Ã£ Ä‘Äƒng nháº­p)
CTA chÃ­nh: â€œXem chi tiáº¿tâ€
KhÃ´ng phÃ¢n biá»‡t Buyer/Seller táº¡i S-01
5ï¸âƒ£ Validation & State (FE)
v_ing â€“ validating
Khi load trang láº§n Ä‘áº§u
Khi refresh danh sÃ¡ch
FE xá»­ lÃ½:
Show skeleton / loading
Disable interaction trong lÃºc load
v_ed â€“ validated
Khi data load xong
Render danh sÃ¡ch tin
6ï¸âƒ£ Empty & Error State
Empty State
Khi khÃ´ng cÃ³ tin phÃ¹ há»£p
Hiá»ƒn thá»‹:
â€œHiá»‡n chÆ°a cÃ³ xe nÃ o Ä‘Æ°á»£c Ä‘Äƒng bÃ¡n.â€
Error State
Khi load data tháº¥t báº¡i
Hiá»ƒn thá»‹:
â€œKhÃ´ng thá»ƒ táº£i danh sÃ¡ch xe. Vui lÃ²ng thá»­ láº¡i.â€
7ï¸âƒ£ Permission Rules (FE)
Guest vÃ  Buyer:
Xem cÃ¹ng 1 dá»¯ liá»‡u
âŒ KhÃ´ng phÃ¢n quyá»n khÃ¡c nhau á»Ÿ S-01
âŒ KhÃ´ng hiá»ƒn thá»‹ thÃ´ng tin cÃ¡ nhÃ¢n
8ï¸âƒ£ Nhá»¯ng thá»© Cá» TÃŒNH KHÃ”NG cÃ³ á»Ÿ S-01
âŒ Filter nÃ¢ng cao (Ä‘Æ°a sang S-30)
âŒ Search nÃ¢ng cao
âŒ Sort phá»©c táº¡p
âŒ Pagination logic phá»©c táº¡p (FE chá»‰ consume API)
ğŸ‘‰ S-01 giá»¯ Ä‘Æ¡n giáº£n â€“ entry Ä‘Ãºng nghÄ©a",
S-02 â€“ Login Screen â€“ Global,"Nháº­p email / password
Validate credential
Login user
Redirect theo role (Seller / Buyer / Inspector / Admin)
Hiá»ƒn thá»‹ lá»—i Ä‘Äƒng nháº­p",simple,"BE: Quang
FE: Huy",Sprint 1,https://phanthanhdat2505.atlassian.net/browse/SCRUM-38,https://phanthanhdat2505.atlassian.net/jira/software/projects/SCRUM/list?jql=project%20%3D%20SCRUM%20ORDER%20BY%20created%20DESC&selectedIssue=SCRUM-37,
S-03 â€“ Register Screen â€“ Global,"Nháº­p thÃ´ng tin Ä‘Äƒng kÃ½
Validate dá»¯ liá»‡u
Táº¡o tÃ i khoáº£n
Gá»­i thÃ´ng bÃ¡o Ä‘Äƒng kÃ½ thÃ nh cÃ´ng
Redirect login
Verify account",simple,"BE: Quang
FE: Huy",Sprint 1,https://phanthanhdat2505.atlassian.net/browse/SCRUM-38,"1ï¸âƒ£ Input Business Rules
1.1 Email (email)
Field: email
Required: âœ…
Rules (FE):
KhÃ´ng Ä‘Æ°á»£c Ä‘á»ƒ trá»‘ng
Pháº£i Ä‘Ãºng format email
CÃ³ @
CÃ³ domain há»£p lá»‡
âŒ FE khÃ´ng kiá»ƒm tra trÃ¹ng email
Viá»‡c nÃ y do backend xá»­ lÃ½
1.2 Password
Field: password
Required: âœ…
Rules (FE â€“ register lÃ  nÆ¡i validate chÃ­nh):
Tá»‘i thiá»ƒu 8 kÃ½ tá»±
Pháº£i chá»©a Ã­t nháº¥t 1 chá»¯ cÃ¡i
Pháº£i chá»©a Ã­t nháº¥t 1 sá»‘
Pháº£i chá»©a Ã­t nháº¥t 1 kÃ½ tá»± Ä‘áº·c biá»‡t
(vd: ! @ # $ % ^ & *)
ğŸ‘‰ ÄÃ¢y lÃ  rule há»£p lÃ½ cho register, khÃ´ng dÃ¹ng láº¡i cho login.
1.3 Confirm Password
Field: confirmPassword
Required: âœ…
Rules (FE):
KhÃ´ng Ä‘Æ°á»£c Ä‘á»ƒ trá»‘ng
Pháº£i trÃ¹ng vá»›i password
1.4 Full Name
Field: fullName
Required: âœ…
Rules (FE):
KhÃ´ng Ä‘Æ°á»£c Ä‘á»ƒ trá»‘ng
Tá»‘i thiá»ƒu 2 kÃ½ tá»±
âŒ KhÃ´ng chá»©a sá»‘
Cho phÃ©p khoáº£ng tráº¯ng
1.5 Phone Number
Field: phone
Required: âœ…
Rules (FE):
Chá»‰ chá»©a sá»‘
Äá»™ dÃ i há»£p lÃ½ (9â€“11 sá»‘)
âŒ KhÃ´ng validate nhÃ  máº¡ng (Ä‘á»ƒ backend)
2ï¸âƒ£ Validation Flow (FE State)
v_ing â€“ validating
Xáº£y ra khi:
User báº¥m Register
FE báº¯t Ä‘áº§u kiá»ƒm tra toÃ n bá»™ input
FE xá»­ lÃ½:
Validate tá»«ng field
Hiá»ƒn thá»‹ lá»—i táº¡i field sai
Disable Register button khi Ä‘ang xá»­ lÃ½
v_ed â€“ validated
Xáº£y ra khi:
ToÃ n bá»™ input pass FE validation
FE gá»­i request lÃªn backend
3ï¸âƒ£ Status of Object (User â€“ sau khi register)
Dá»±a trÃªn tÃ i liá»‡u há»‡ thá»‘ng:
User.status sau khi táº¡o:
Máº·c Ä‘á»‹nh: INACTIVE hoáº·c UNVERIFIED
âŒ KhÃ´ng pháº£i ACTIVE ngay
ğŸ‘‰ FE khÃ´ng set status, chá»‰ nháº­n response.
4ï¸âƒ£ Register Result (FE-centric)
âœ… SUCCESS
Äiá»u kiá»‡n:
Backend táº¡o user thÃ nh cÃ´ng
FE xá»­ lÃ½:
Hiá»ƒn thá»‹ message:
â€œÄÄƒng kÃ½ thÃ nh cÃ´ng. Vui lÃ²ng Ä‘Äƒng nháº­p.â€
Redirect vá» S-02 â€“ Login
âŒ KhÃ´ng auto login
âŒ FAIL â€“ Validation (Backend)
TrÆ°á»ng há»£p:
Email Ä‘Ã£ tá»“n táº¡i
Data khÃ´ng há»£p lá»‡ (backend reject)
FE xá»­ lÃ½:
Hiá»ƒn thá»‹ message tá»« backend (mapping thÃ¢n thiá»‡n)
KhÃ´ng clear form
âŒ FAIL â€“ System Error
TrÆ°á»ng há»£p:
Lá»—i server
Network error
FE xá»­ lÃ½:
Hiá»ƒn thá»‹ message chung:
â€œHá»‡ thá»‘ng Ä‘ang gáº·p sá»± cá»‘, vui lÃ²ng thá»­ láº¡i sau.â€
5ï¸âƒ£ Security & Constraint (FE)
âŒ FE khÃ´ng hash password
âŒ FE khÃ´ng lÆ°u password
âŒ KhÃ´ng log password
âœ”ï¸ Clear password field khi submit fail",
S-04 â€“ User Profile â€“ Supporting,"Xem thÃ´ng tin cÃ¡ nhÃ¢n
Cáº­p nháº­t profile (name, phone, address, avatar)
Äá»•i máº­t kháº©u",medium,"BE: Äáº¡t
FE: Huy",Sprint 3,,"2ï¸âƒ£ Input Business Rules (FE)
2.1 Email (email)
Editable: âŒ
Rule:
Chá»‰ hiá»ƒn thá»‹
KhÃ´ng cho sá»­a
KhÃ´ng validate
ğŸ‘‰ Email lÃ  Ä‘á»‹nh danh, chá»‰ Ä‘á»•i qua flow khÃ¡c (khÃ´ng náº±m trong S-04)
2.2 Full Name
Editable: âœ…
Required: âœ…
Rules (FE):
KhÃ´ng Ä‘Æ°á»£c Ä‘á»ƒ trá»‘ng
Tá»‘i thiá»ƒu 2 kÃ½ tá»±
âŒ KhÃ´ng chá»©a sá»‘
Cho phÃ©p khoáº£ng tráº¯ng
2.3 Phone Number
Editable: âœ…
Required: âœ…
Rules (FE):
Chá»‰ chá»©a sá»‘
Äá»™ dÃ i 9â€“11 sá»‘
âŒ KhÃ´ng validate nhÃ  máº¡ng
2.4 Avatar
Editable: âœ…
Rules (FE):
Äá»‹nh dáº¡ng áº£nh (jpg, jpeg, png)
Dung lÆ°á»£ng â‰¤ 5MB
Preview trÆ°á»›c khi lÆ°u
3ï¸âƒ£ Seller Capability (pháº£n Ã¡nh â€“ khÃ´ng xá»­ lÃ½)
3.1 Hiá»ƒn thá»‹ tráº¡ng thÃ¡i bÃ¡n
Trong S-04 chá»‰ HIá»‚N THá»Š:
Tráº¡ng thÃ¡i bÃ¡n:
â­• ChÆ°a báº­t bÃ¡n
âœ… ÄÃ£ báº­t bÃ¡n
FE behavior:
Náº¿u chÆ°a báº­t:
Hiá»ƒn thá»‹ text: â€œBáº¡n chÆ°a Ä‘Äƒng bÃ¡n sáº£n pháº©m nÃ oâ€
CTA: â€œÄÄƒng bÃ¡n xeâ€ â†’ Ä‘iá»u hÆ°á»›ng sang BP1
Náº¿u Ä‘Ã£ báº­t:
Hiá»ƒn thá»‹ shortcut sang Seller Dashboard
âŒ FE khÃ´ng:
Set role
Verify Ä‘iá»u kiá»‡n bÃ¡n
Quyáº¿t Ä‘á»‹nh user cÃ³ Ä‘Æ°á»£c bÃ¡n hay khÃ´ng
4ï¸âƒ£ Validation Flow (FE State)
v_ing â€“ validating
Khi user báº¥m Save Profile
Khi user click CTA liÃªn quan Ä‘áº¿n bÃ¡n (chá»‰ navigate)
v_ed â€“ validated
Khi backend tráº£ response
5ï¸âƒ£ Status of Object (User)
Dá»±a trÃªn tÃ i liá»‡u:
User.status (backend quáº£n lÃ½):
ACTIVE
INACTIVE
BLOCKED
UNVERIFIED
FE rule:
Náº¿u BLOCKED / INACTIVE:
Cho xem profile
âŒ Disable update
Hiá»ƒn thá»‹ banner tráº¡ng thÃ¡i
6ï¸âƒ£ Nhá»¯ng thá»© Cá» TÃŒNH KHÃ”NG cÃ³ trong S-04
âŒ Äá»•i password
âŒ Äá»•i email
âŒ Äá»•i role
âŒ Nháº­p thÃ´ng tin bÃ¡n (xe, giao dá»‹ch)",
S-05 â€“ Notification Center â€“ Supporting (BP1â€“BP7),"Xem danh sÃ¡ch notification
ÄÃ¡nh dáº¥u Ä‘Ã£ Ä‘á»c
Äiá»u hÆ°á»›ng tá»›i screen liÃªn quan (listing / transaction / dispute) complex",medium,"BE: Äáº¡t
FE: Huy",Sprint 2,,"3ï¸âƒ£ Notification Object (FE view model)
FE chá»‰ cáº§n quan tÃ¢m cÃ¡c field hiá»ƒn thá»‹:
id
title
message
type (INFO / ACTION / ALERT)
relatedBP (BP1â€“BP7)
relatedObjectId
isRead
createdAt
âŒ FE khÃ´ng:
Generate notification
Quyáº¿t Ä‘á»‹nh ná»™i dung nghiá»‡p vá»¥
4ï¸âƒ£ UI Business Rules (FE)
4.1 Danh sÃ¡ch thÃ´ng bÃ¡o
Hiá»ƒn thá»‹ theo thá»© tá»± má»›i â†’ cÅ©
CÃ³ phÃ¢n biá»‡t:
ChÆ°a Ä‘á»c
ÄÃ£ Ä‘á»c
4.2 Read / Unread
Khi user click notification:
ÄÃ¡nh dáº¥u read
Äiá»u hÆ°á»›ng sang screen liÃªn quan (náº¿u cÃ³)
4.3 Äiá»u hÆ°á»›ng (Navigation Rule)
BP	Äiá»u hÆ°á»›ng tá»›i
BP1	Listing Detail (Seller View)
BP2	Pending Listings / Dispute
BP4	Inspection Chat
BP5	Transaction Detail
BP6	Delivery Detail
BP7	Dispute Detail
ğŸ‘‰ Äiá»u hÆ°á»›ng chá»‰ lÃ  shortcut, khÃ´ng xá»­ lÃ½ logic.
5ï¸âƒ£ Validation & State (FE)
v_ing â€“ validating
Khi load notification list
Khi mark as read
v_ed â€“ validated
Khi data load xong
Khi backend xÃ¡c nháº­n Ä‘Ã£ Ä‘á»c
6ï¸âƒ£ Permission Rules (FE)
User chá»‰ tháº¥y notification cá»§a chÃ­nh mÃ¬nh
âŒ KhÃ´ng tháº¥y notification cá»§a user khÃ¡c
âŒ KhÃ´ng sá»­a ná»™i dung notification
7ï¸âƒ£ Error Handling (FE)
âŒ Load fail
Hiá»ƒn thá»‹:
â€œKhÃ´ng thá»ƒ táº£i thÃ´ng bÃ¡o. Vui lÃ²ng thá»­ láº¡i.â€
âŒ Empty state
Hiá»ƒn thá»‹:
â€œBáº¡n chÆ°a cÃ³ thÃ´ng bÃ¡o nÃ o.â€
8ï¸âƒ£ Nhá»¯ng thá»© Cá» TÃŒNH KHÃ”NG lÃ m
âŒ Filter nÃ¢ng cao
âŒ Search notification
âŒ Delete notification
âŒ Push realtime (MVP)
ğŸ‘‰ Chá»‰ cáº§n pull khi má»Ÿ screen / refresh.",
My Orders,"1ï¸âƒ£ View My Orders (Core)

Function:
ğŸ‘‰ Xem danh sÃ¡ch cÃ¡c Ä‘Æ¡n mua cá»§a tÃ´i

MÃ´ táº£ chá»©c nÄƒng:

Hiá»ƒn thá»‹ táº¥t cáº£ order mÃ  user lÃ  buyer

CÃ³ thá»ƒ phÃ¢n theo tráº¡ng thÃ¡i:

Pending Seller Confirm

Confirmed

Delivering

Completed

Cancelled / In Dispute
2ï¸âƒ£ View Order Detail (Core â€“ Ä‘iá»u hÆ°á»›ng)

Function:
ğŸ‘‰ Xem chi tiáº¿t 1 Ä‘Æ¡n mua

MÃ´ táº£ chá»©c nÄƒng:

Má»Ÿ sang Order Detail (Buyer View)

Dashboard KHÃ”NG xá»­ lÃ½ nghiá»‡p vá»¥, chá»‰ Ä‘iá»u hÆ°á»›ng

ğŸ“Œ Function nÃ y Ä‘Ã£ tá»“n táº¡i trong BP5, dashboard chá»‰ lÃ  entry point

3ï¸âƒ£ Track Order Status (Core â€“ read-only)

Function:
ğŸ‘‰ Theo dÃµi tráº¡ng thÃ¡i hiá»‡n táº¡i cá»§a Ä‘Æ¡n mua

MÃ´ táº£ chá»©c nÄƒng:

Xem tráº¡ng thÃ¡i tá»•ng quÃ¡t:

Chá» seller

Äang giao

HoÃ n táº¥t

KhÃ´ng xÃ¡c nháº­n

KhÃ´ng chá»‰nh sá»­a

4ï¸âƒ£ Cancel Order (Conditional)

Function:
ğŸ‘‰ Há»§y Ä‘Æ¡n mua (náº¿u cÃ²n á»Ÿ tráº¡ng thÃ¡i cho phÃ©p)

Äiá»u kiá»‡n:

Order á»Ÿ tráº¡ng thÃ¡i Pending Seller Confirm

MÃ´ táº£ chá»©c nÄƒng:

Gá»i action há»§y

KhÃ´ng xá»­ lÃ½ logic (BE xá»­ lÃ½)

ğŸ“Œ Function nÃ y:

Thuá»™c BP5

Dashboard chá»‰ expose láº¡i khi há»£p lá»‡
5ï¸âƒ£ Raise Dispute (Conditional)

Function:
ğŸ‘‰ Táº¡o khiáº¿u náº¡i / tranh cháº¥p

Äiá»u kiá»‡n:

Order chÆ°a Completed

Buyer lÃ  ngÆ°á»i liÃªn quan

ğŸ“Œ Function nÃ y:

Thuá»™c BP7

Dashboard chá»‰ hiá»ƒn thá»‹ entry
6ï¸âƒ£ View Delivery Info (Read-only)

Function:
ğŸ‘‰ Xem thÃ´ng tin giao hÃ ng

Bao gá»“m:

Tráº¡ng thÃ¡i giao

Shipper / carrier

Thá»i gian dá»± kiáº¿n",MEDIUM,,Sprint 2,"âœ… NÃªn gá»i

â€œMy Ordersâ€

â€œPurchase Overviewâ€

â€œOrder Centerâ€

ğŸ“Œ VÃ  mÃ´ táº£ trong bÃ¡o cÃ¡o:

Trang nÃ y tá»•ng há»£p cÃ¡c Ä‘Æ¡n mua cá»§a ngÆ°á»i dÃ¹ng Ä‘á»ƒ tiá»‡n theo dÃµi,
khÃ´ng pháº£i má»™t business screen riÃªng biá»‡t Ä‘Æ°á»£c Ä‘á»‹nh nghÄ©a trong há»‡ thá»‘ng.
FE convenience",,
S-10 â€“ Seller Dashboard â€“ BP1,"Sá»‘ tin ACTIVE / PENDING / REJECTED
Sá»‘ giao dá»‹ch
Shortcut táº¡o listing
Äiá»u hÆ°á»›ng My Listings
Draft (optional)",medium,"BE: Äáº¡t
FE: Quá»‘c Anh",Sprint 1,"[SCRUM-38] CÃ¡c cÃ¢u há»i FE há»i BE Ä‘á»ƒ lÃ m sprint 1 (bao gá»“m S-01,S-02,S-03,S-20,S-21,S-22,S-23,S-24) - Jira","BR-S10-F01 â€“ Hiá»ƒn thá»‹ sá»‘ listing ACTIVE / PENDING / REJECTED
â€¢        Há»‡ thá»‘ng truy váº¥n táº¥t cáº£ listing thuá»™c Seller
â€¢        Má»—i listing Ä‘Æ°á»£c Ä‘áº¿m theo status hiá»‡n táº¡i
â€¢        Draft khÃ´ng Ä‘Æ°á»£c tÃ­nh
â€¢        Náº¿u Seller chÆ°a cÃ³ listing â†’ hiá»ƒn thá»‹ 0 cho táº¥t cáº£ tráº¡ng thÃ¡i
BR-S10-F02 â€“ Hiá»ƒn thá»‹ sá»‘ giao dá»‹ch
â€¢	Chá»‰ Ä‘áº¿m giao dá»‹ch cÃ³ mapping vá»›i listing cá»§a Seller
â€¢	Giao dá»‹ch bá»‹ huá»· â†’ khÃ´ng Ä‘Æ°á»£c tÃ­nh
â€¢	Náº¿u khÃ´ng cÃ³ giao dá»‹ch â†’ hiá»ƒn thá»‹ 0

BR-S10-F03 â€“ Shortcut táº¡o listing
â€¢	Seller click shortcut â†’ khÃ´ng kiá»ƒm tra Ä‘iá»u kiá»‡n gÃ¬ thÃªm
â€¢	Äiá»u hÆ°á»›ng trá»±c tiáº¿p sang Create Listing (S-12)
â€¢	KhÃ´ng tá»± Ä‘á»™ng táº¡o Draft

BR-S10-F04 â€“ Äiá»u hÆ°á»›ng My Listings
â€¢	Khi click â†’ chuyá»ƒn sang S-11
â€¢	KhÃ´ng thay Ä‘á»•i tráº¡ng thÃ¡i hoáº·c dá»¯ liá»‡u listing

",
S-11 â€“ My Listings â€“ BP1,"Xem danh sÃ¡ch listing cá»§a Seller
Hiá»ƒn thá»‹ status (Draft / Pending / Active / Rejected)
Filter theo status
View detail (Äiá»u hÆ°á»›ng)
Edit (Äiá»u hÆ°á»›ng)
Xem lÃ½ do reject (Äiá»u hÆ°á»›ng)",medium,"BE: Äáº¡t
FE: Quá»‘c Anh",Sprint 1,https://phanthanhdat2505.atlassian.net/browse/SCRUM-38,"BR-S11-F01 â€“ Xem danh sÃ¡ch listing
â€¢        Há»‡ thá»‘ng load toÃ n bá»™ listing cá»§a Seller
â€¢        Bao gá»“m: Draft / Pending / Active / Rejected
â€¢        KhÃ´ng hiá»ƒn thá»‹ listing Ä‘Ã£ bá»‹ xoÃ¡

BR-S11-F02 â€“ Hiá»ƒn thá»‹ status listing
â€¢        Status hiá»ƒn thá»‹ lÃ  status hiá»‡n táº¡i trong DB
â€¢        KhÃ´ng cho phÃ©p chá»‰nh sá»­a status táº¡i mÃ n nÃ y

BR-S11-F03 â€“ Filter theo status
â€¢        Khi chá»n filter:
o        Há»‡ thá»‘ng chá»‰ tráº£ vá» listing cÃ³ status tÆ°Æ¡ng á»©ng
â€¢        Khi bá» filter:
o        Hiá»ƒn thá»‹ láº¡i toÃ n bá»™ listing

BR-S11-F04 â€“ View Detail
â€¢        Seller click listing â†’ Ä‘iá»u hÆ°á»›ng S-15
â€¢        Náº¿u listing khÃ´ng thuá»™c Seller â†’ khÃ´ng cho truy cáº­p

BR-S11-F05 â€“ Edit Listing
â€¢        NÃºt Edit chá»‰ hiá»ƒn thá»‹ náº¿u status cho phÃ©p
â€¢        Náº¿u Seller truy cáº­p URL Edit trá»±c tiáº¿p:
o        Há»‡ thá»‘ng kiá»ƒm tra status
o        Status khÃ´ng há»£p lá»‡ â†’ redirect vá» Detail

BR-S11-F06 â€“ Xem lÃ½ do reject
â€¢        Chá»‰ hiá»ƒn thá»‹ khi status = REJECTED
â€¢        Náº¿u khÃ´ng cÃ³ reject reason â†’ hiá»ƒn thá»‹ message máº·c Ä‘á»‹nh
",
S-12 â€“ Create Listing (Form) â€“ BP1,"Nháº­p thÃ´ng tin xe
Validate dá»¯ liá»‡u
LÆ°u Draft
Submit táº¡o listing (PENDING_APPROVAL)",medium,"BE: Äáº¡t
FE: Quá»‘c Anh",Sprint 1,https://phanthanhdat2505.atlassian.net/browse/SCRUM-38,"BR-S12-F01 â€“ Nháº­p thÃ´ng tin xe
â€¢	Seller cÃ³ thá»ƒ nháº­p tá»«ng pháº§n
â€¢	Dá»¯ liá»‡u chÆ°a Ä‘Æ°á»£c lÆ°u cho Ä‘áº¿n khi:
o	Save Draft hoáº·c
o	Submit
________________________________________
BR-S12-F02 â€“ Validate dá»¯ liá»‡u
â€¢	Validate xáº£y ra khi:
o	Save Draft â†’ validate cÆ¡ báº£n
o	Submit â†’ validate Ä‘áº§y Ä‘á»§
â€¢	Field sai format â†’ highlight lá»—i cá»¥ thá»ƒ
________________________________________
BR-S12-F03 â€“ LÆ°u Draft
â€¢	Khi Save Draft:
o	Táº¡o listing vá»›i status = DRAFT
o	LÆ°u toÃ n bá»™ dá»¯ liá»‡u hiá»‡n táº¡i
â€¢	Draft cÃ³ thá»ƒ Ä‘Æ°á»£c cáº­p nháº­t nhiá»u láº§n
________________________________________
BR-S12-F04 â€“ Submit táº¡o listing
â€¢	TrÆ°á»›c khi submit:
o	Validate toÃ n bá»™ field báº¯t buá»™c
o	Kiá»ƒm tra rule áº£nh (S-13)
â€¢	Submit thÃ nh cÃ´ng â†’ status = PENDING_APPROVAL",
S-13 â€“ Upload Images â€“ BP1,"Upload áº£nh
Validate Ä‘á»‹nh dáº¡ng / kÃ­ch thÆ°á»›c
Retry áº£nh lá»—i
XÃ³a áº£nh
Kiá»ƒm tra >= 3 áº£nh",complex,"BE: Äáº¡t
FE: Quá»‘c Anh",Sprint 1,https://phanthanhdat2505.atlassian.net/browse/SCRUM-38,"BR-S13-F01 â€“ Upload áº£nh
â€¢	Má»—i áº£nh Ä‘Æ°á»£c gáº¯n vá»›i 1 listing
â€¢	Upload thÃ nh cÃ´ng â†’ áº£nh hiá»ƒn thá»‹ ngay
________________________________________
BR-S13-F02 â€“ Validate Ä‘á»‹nh dáº¡ng / kÃ­ch thÆ°á»›c
â€¢	áº¢nh sai Ä‘á»‹nh dáº¡ng:
o	KhÃ´ng lÆ°u
o	Hiá»ƒn thá»‹ lá»—i cá»¥ thá»ƒ
â€¢	áº¢nh vÆ°á»£t kÃ­ch thÆ°á»›c:
o	KhÃ´ng upload
o	YÃªu cáº§u chá»n áº£nh khÃ¡c
________________________________________
BR-S13-F03 â€“ Retry áº£nh lá»—i
â€¢	Seller cÃ³ thá»ƒ upload láº¡i áº£nh lá»—i
â€¢	áº¢nh má»›i thay tháº¿ áº£nh lá»—i
________________________________________
BR-S13-F04 â€“ XÃ³a áº£nh
â€¢	Khi xÃ³a:
o	áº¢nh bá»‹ remove khá»i listing
o	KhÃ´ng hiá»ƒn thá»‹ trong Preview
________________________________________
BR-S13-F05 â€“ Kiá»ƒm tra tá»‘i thiá»ƒu 3 áº£nh
â€¢	TrÆ°á»›c khi submit:
o	Há»‡ thá»‘ng Ä‘áº¿m sá»‘ áº£nh há»£p lá»‡
â€¢	< 3 áº£nh:
o	Disable nÃºt Submit
o	Hiá»ƒn thá»‹ thÃ´ng bÃ¡o lá»—i",
S-14 â€“ Listing Preview â€“ BP1,"Preview listing trÆ°á»›c khi Ä‘Äƒng
Quay láº¡i chá»‰nh sá»­a
XÃ¡c nháº­n Ä‘Äƒng tin",simple,"BE: Äáº¡t
FE: Quá»‘c Anh",Sprint 1,https://phanthanhdat2505.atlassian.net/browse/SCRUM-38,"BR-S14-F01 â€“ Preview listing
â€¢	Preview láº¥y dá»¯ liá»‡u tá»« báº£n lÆ°u má»›i nháº¥t
â€¢	KhÃ´ng chá»‰nh sá»­a Ä‘Æ°á»£c dá»¯ liá»‡u táº¡i mÃ n nÃ y
________________________________________
BR-S14-F02 â€“ Quay láº¡i chá»‰nh sá»­a
â€¢	Khi quay láº¡i:
o	Giá»¯ nguyÃªn toÃ n bá»™ dá»¯ liá»‡u Ä‘Ã£ nháº­p
o	KhÃ´ng reset form
________________________________________
BR-S14-F03 â€“ XÃ¡c nháº­n Ä‘Äƒng
â€¢	Khi xÃ¡c nháº­n:
o	Thá»±c hiá»‡n submit listing
â€¢	Khi khÃ´ng xÃ¡c nháº­n:
o	KhÃ´ng thay Ä‘á»•i tráº¡ng thÃ¡i
",
S-15 â€“ Listing Detail (Seller View) â€“ BP1,"Xem chi tiáº¿t listing
Xem tráº¡ng thÃ¡i duyá»‡t
Xem inspection status
Xem transaction liÃªn quan (náº¿u cÃ³)",medium,"BE: Äáº¡t
FE: Quá»‘c Anh",Sprint 1,https://phanthanhdat2505.atlassian.net/browse/SCRUM-38,"BR-S15-F01 â€“ Xem chi tiáº¿t listing
â€¢	Seller chá»‰ xem Ä‘Æ°á»£c listing cá»§a mÃ¬nh
â€¢	Listing bá»‹ xoÃ¡ â†’ khÃ´ng cho truy cáº­p
________________________________________
BR-S15-F02 â€“ Xem tráº¡ng thÃ¡i duyá»‡t
â€¢	Status hiá»ƒn thá»‹ theo dá»¯ liá»‡u há»‡ thá»‘ng
â€¢	KhÃ´ng cho chá»‰nh sá»­a táº¡i mÃ n nÃ y
________________________________________
BR-S15-F03 â€“ Xem inspection status
â€¢	Náº¿u chÆ°a inspection â†’ áº©n thÃ´ng tin
â€¢	Náº¿u cÃ³ â†’ hiá»ƒn thá»‹ tráº¡ng thÃ¡i hiá»‡n táº¡i
________________________________________
BR-S15-F04 â€“ Xem transaction liÃªn quan
â€¢	Chá»‰ hiá»ƒn thá»‹ transaction liÃªn quan Ä‘áº¿n listing
â€¢	KhÃ´ng cÃ³ â†’ khÃ´ng hiá»ƒn thá»‹ block",
S-16 â€“ Edit Listing â€“ BP1,"Chá»‰nh sá»­a ná»™i dung listing
Update áº£nh
Submit láº¡i duyá»‡t
Validate rule chá»‰nh sá»­a theo status",complex,"BE: Äáº¡t
FE: Quá»‘c Anh",Sprint 2,,"BR-S16-F01 â€“ Äiá»u kiá»‡n chá»‰nh sá»­a
â€¢	Chá»‰ cho phÃ©p Edit náº¿u status há»£p lá»‡
â€¢	Status khÃ´ng há»£p lá»‡ â†’ khÃ´ng truy cáº­p mÃ n Edit
________________________________________
BR-S16-F02 â€“ Chá»‰nh sá»­a ná»™i dung
â€¢	Seller cÃ³ thá»ƒ thay Ä‘á»•i field cho phÃ©p
â€¢	Field bá»‹ khÃ³a â†’ khÃ´ng cho chá»‰nh sá»­a
________________________________________
BR-S16-F03 â€“ Update áº£nh
â€¢	Ãp dá»¥ng toÃ n bá»™ rule S-13
â€¢	XÃ³a áº£nh lÃ m < 3 áº£nh â†’ khÃ´ng cho submit
________________________________________
BR-S16-F04 â€“ Submit láº¡i duyá»‡t
â€¢	Khi submit:
o	Validate láº¡i toÃ n bá»™ dá»¯ liá»‡u
o	Status chuyá»ƒn sang PENDING_APPROVAL",
S-17 â€“ Listing Status View â€“ BP1,"Xem lifecycle listing
Xem lá»‹ch sá»­ duyá»‡t
Xem ghi chÃº Inspector
CTA theo status (Resubmit / Edit)",simple,"BE: Äáº¡t
FE: Quá»‘c Anh",Sprint 2,,"BR-S17-F01 â€“ Xem lifecycle
â€¢	Hiá»ƒn thá»‹ danh sÃ¡ch cÃ¡c tráº¡ng thÃ¡i Ä‘Ã£ Ä‘i qua
â€¢	KhÃ´ng cho chá»‰nh sá»­a dá»¯ liá»‡u
________________________________________
BR-S17-F02 â€“ Xem lá»‹ch sá»­ duyá»‡t
â€¢	Má»—i láº§n duyá»‡t pháº£i cÃ³:
o	Thá»i gian
o	Káº¿t quáº£
________________________________________
BR-S17-F03 â€“ Xem ghi chÃº Inspector
â€¢	CÃ³ ghi chÃº â†’ hiá»ƒn thá»‹
â€¢	KhÃ´ng cÃ³ â†’ áº©n block
________________________________________
BR-S17-F04 â€“ CTA theo status
â€¢	CTA hiá»ƒn thá»‹ dá»±a trÃªn status hiá»‡n táº¡i
â€¢	KhÃ´ng hiá»ƒn thá»‹ action khÃ´ng há»£p lá»‡",
S-18 â€“ Draft Listings â€“ BP1,"Xem danh sÃ¡ch draft
Edit draft
Delete draft
Submit draft",medium,"BE: Äáº¡t
FE: Quá»‘c Anh",Sprint 1,https://phanthanhdat2505.atlassian.net/browse/SCRUM-38,"BR-S18-F01 â€“ Xem danh sÃ¡ch Draft
â€¢	Chá»‰ hiá»ƒn thá»‹ listing status = DRAFT
________________________________________
BR-S18-F02 â€“ Edit Draft
â€¢	Draft luÃ´n Ä‘Æ°á»£c phÃ©p chá»‰nh sá»­a
â€¢	KhÃ´ng giá»›i háº¡n sá»‘ láº§n
________________________________________
BR-S18-F03 â€“ Delete Draft
â€¢	Chá»‰ cho phÃ©p delete Draft
â€¢	Delete â†’ remove vÄ©nh viá»…n
________________________________________
BR-S18-F04 â€“ Submit Draft
â€¢	Submit Draft:
o	Validate Ä‘áº§y Ä‘á»§
o	Status = PENDING_APPROVAL",
S-19 â€“ Listing Need More Info â€“ BP1 â†’ BP4,"Xem yÃªu cáº§u bá»• sung
Äiá»u hÆ°á»›ng sang Inspection Chat (S-40) (Optional)
Cáº­p nháº­t thÃ´ng tin yÃªu cáº§u",medium,"BE: Äáº¡t
FE: Quá»‘c Anh",Sprint 2,,"BR-S19-F01 â€“ Xem yÃªu cáº§u bá»• sung
â€¢	Chá»‰ hiá»ƒn thá»‹ yÃªu cáº§u chÆ°a Ä‘Æ°á»£c xá»­ lÃ½
â€¢	YÃªu cáº§u Ä‘Ã£ xá»­ lÃ½ â†’ khÃ´ng hiá»ƒn thá»‹
________________________________________
BR-S19-F02 â€“ Äiá»u hÆ°á»›ng Inspection Chat
â€¢	Náº¿u feature báº­t:
o	Cho phÃ©p Ä‘iá»u hÆ°á»›ng
â€¢	Náº¿u táº¯t:
o	áº¨n CTA
________________________________________
BR-S19-F03 â€“ Cáº­p nháº­t thÃ´ng tin theo yÃªu cáº§u
â€¢	Seller chá»‰ cáº­p nháº­t Ä‘Ãºng field Ä‘Æ°á»£c yÃªu cáº§u
â€¢	Cáº­p nháº­t xong:
o	Cho phÃ©p submit láº¡i listing
________________________________________",
S-20 â€“ Inspector Dashboard â€“ BP2,"1. Xem sá»‘ lÆ°á»£ng tin chá» duyá»‡t (PENDING)
2. Xem sá»‘ lÆ°á»£ng tranh cháº¥p Ä‘ang xá»­ lÃ½ (DISPUTE)
3. Äiá»u hÆ°á»›ng sang Pending Listings (S-21)
4. Äiá»u hÆ°á»›ng sang Review History (S-24)",simple,"BE: Quang
FE: LÃ¢m",Sprint 1,https://phanthanhdat2505.atlassian.net/browse/SCRUM-38,,
S-21 â€“ Pending/Reviewing Listings â€“ BP2,"1. Xem danh sÃ¡ch cÃ¡c tin á»Ÿ tráº¡ng thÃ¡i PENDING
2. Hiá»ƒn thá»‹ tráº¡ng thÃ¡i REVIEWING (Locked) khi tin Ä‘ang Ä‘Æ°á»£c Inspector xá»­ lÃ½
3. KhÃ´ng cho má»Ÿ tin Ä‘ang á»Ÿ tráº¡ng thÃ¡i REVIEWING (UI disable / locked)
4. Click tin PENDING Ä‘á»ƒ Ä‘iá»u hÆ°á»›ng sang S-22 â€“ Listing Review & Approval Detail
5. Filter cÆ¡ báº£n: ALL / PENDING / REVIEWING
6. Sort cÆ¡ báº£n: Má»›i nháº¥t / CÅ© nháº¥t",medium,"BE: Quang
FE: LÃ¢m",Sprint 1,https://phanthanhdat2505.atlassian.net/browse/SCRUM-38,,
S-22 â€“ Listing Review Detail â€“ BP2,"1. Hiá»ƒn thá»‹ chi tiáº¿t listing (listing_id).
2. Hiá»ƒn thá»‹ hÃ¬nh áº£nh listing.
3. Hiá»ƒn thá»‹ tráº¡ng thÃ¡i (PENDING / REVIEWING).
4. Má»Ÿ listing â†’ lock sang REVIEWING.
5. Nháº­p ghi chÃº Ä‘Ã¡nh giÃ¡.
6. Chá»n Approve / Reject.
7. Gá»­i dá»¯ liá»‡u review sang S-23.",medium,"BE: Quang
FE: LÃ¢m",Sprint 1,https://phanthanhdat2505.atlassian.net/browse/SCRUM-38,,
"S-23 â€“ Approve / Reject Listing â€“ BP2 
(GÃ´m láº¡i vá»›i S-22)","1. Nháº­n yÃªu cáº§u Approve.
2. Kiá»ƒm tra quyá»n Inspector.
3. Cáº­p nháº­t tráº¡ng thÃ¡i â†’ APPROVED.
4. Nháº­n yÃªu cáº§u Reject.
5. Kiá»ƒm tra lÃ½ do reject (báº¯t buá»™c).
6. Cáº­p nháº­t tráº¡ng thÃ¡i â†’ REJECTED.
7. LÆ°u ghi chÃº / lÃ½ do.
8. LÆ°u lá»‹ch sá»­ duyá»‡t.
9. Gá»­i thÃ´ng bÃ¡o cho Seller.
10. Unlock listing (thoÃ¡t REVIEWING).",medium,"BE: Quang
FE: LÃ¢m",Sprint 1,https://phanthanhdat2505.atlassian.net/browse/SCRUM-38,,
S-24 â€“ Review History â€“ BP2,"1. Xem lá»‹ch sá»­ duyá»‡t tin Ä‘Ã£ xá»­ lÃ½
2. Lá»c lá»‹ch sá»­ theo khoáº£ng thá»i gian (From â€“ To)",simple,"BE: Quang
FE: LÃ¢m",Sprint 1,https://phanthanhdat2505.atlassian.net/browse/SCRUM-38,,
"S-30 â€“ Listing Search & Filter â€“ BP3

S-30 gÃ´m láº¡i vá»›i S-1","1. Nháº­p keyword
2. Filter theo giÃ¡ / loáº¡i / kiá»ƒm Ä‘á»‹nh
3. Submit search

CÃ³ Ã½ Ä‘á»‹nh  gá»™p vá»›i home",simple,"BE: Äáº¡t
FE: Huy",Sprint 1,https://phanthanhdat2505.atlassian.net/browse/SCRUM-38,,
"S-31 â€“ Listing List â€“ BP3
Fitler","1. Hiá»ƒn thá»‹ danh sÃ¡ch ACTIVE
2. Pagination
3. Äiá»u hÆ°á»›ng detail

Fitler thÃ¬ Ä‘á»ƒ dÆ°á»›i Ä‘Ã¢y luÃ´n",medium,"BE: Äáº¡t
FE: Huy",Sprint 1,https://phanthanhdat2505.atlassian.net/browse/SCRUM-38,,
S-32 â€“ Listing Detail (Public) â€“ BP3,"1. Xem thÃ´ng tin xe
2. Xem áº£nh
4 CTA:
- Äáº·t mua / Ä‘áº·t cá»c
",medium,"BE: Äáº¡t
FE: Huy",Sprint 1,https://phanthanhdat2505.atlassian.net/browse/SCRUM-38,,
"S-33 â€“ Seller Profile (Public) â€“ BP3

(náº¿u rÃ£nh thÃ¬ sáº½ quay láº¡i)","1. Xem thÃ´ng tin Seller
2. Xem rating / lá»‹ch sá»­ bÃ¡n (náº¿u cÃ³)

Nghi váº¥n chá»— nÃ y bá»Ÿi DB Ä‘Ã¢u cÃ³ gÃ¬ liÃªn quan Ä‘áº¿n reivew Ä‘Ã¢u, khÃ´ng cÃ³ trong BP, náº¿u lÃ m thÃ¬ pháº£i giáº£i thÃ­ch thÃªm, system sáº½ Ä‘áº£m báº£o lÃ  má»—i chiáº¿c xe Ä‘á»u Ä‘áº£m báº£o cháº¥t lÆ°á»£ng cá»§a cÃ´ng ty
bá»Ÿi inspector lÃ  kiá»ƒm duyá»‡t thÃ´ng tin vÃ  má»i thá»©. Inspector chá»‰ Ä‘áº£m báº£o tÃ­nh trung thá»±c & minh báº¡ch cá»§a thÃ´ng tin",medium,"BE: Äáº¡t
FE: Huy",Sprint 1,https://phanthanhdat2505.atlassian.net/browse/SCRUM-38,,
"S-40 â€“ Inspection Chat Thread (Inspectorâ€“Seller) â€“ BP4
","1. Gá»­i / nháº­n message
2. Upload áº£nh bá»• sung
3. LÆ°u log trao Ä‘á»•i
4. Lock khi listing ARCHIVED
5. Disable message edit and delete actions at UI level",complex,Dev C ( LÃ¢m ),Sprint 2,,,
S-41 â€“ Inspection Request Detail â€“ BP4,"1. Xem yÃªu cáº§u kiá»ƒm Ä‘á»‹nh (yÃªu cáº§u kiá»ƒm Ä‘á»‹nh lÃ  gÃ¬, lÃ  cÃ¡i bÃ i Ä‘Äƒng lÃªn Ã ?)
2. Xem checklist thÃ´ng tin cáº§n bá»• sung",medium,Dev C ( LÃ¢m ),Sprint 2,,,
S-42 â€“ Inspection Response Screen (Seller) â€“ BP4 (Optional),"Seller tráº£ lá»i Inspector
Upload tÃ i liá»‡u / áº£nh
Gá»­i pháº£n há»“i",medium,Dev A ( Quá»‘c Anh ),Sprint 2,,"Má»¥c Ä‘Ã­ch mÃ n nÃ y: Seller pháº£n há»“i cÃ¡c yÃªu cáº§u tá»« Inspector
________________________________________
ÄIá»€U KIá»†N TRUY Cáº¬P CHUNG (Ã¡p dá»¥ng cho toÃ n mÃ n)
â€¢	Seller chá»‰ truy cáº­p Ä‘Æ°á»£c S-42 khi:
o	Listing thuá»™c quyá»n sá»Ÿ há»¯u cá»§a Seller
o	Listing Ä‘ang á»Ÿ tráº¡ng thÃ¡i Need More Info / Waiting Seller Response (hoáº·c tráº¡ng thÃ¡i tÆ°Æ¡ng Ä‘Æ°Æ¡ng)
â€¢	Náº¿u khÃ´ng thá»a Ä‘iá»u kiá»‡n:
o	KhÃ´ng cho truy cáº­p mÃ n
o	Äiá»u hÆ°á»›ng vá» Listing Detail
________________________________________
Function 1 â€“ Seller tráº£ lá»i Inspector
BR-S42-F01 â€“ Hiá»ƒn thá»‹ ná»™i dung yÃªu cáº§u tá»« Inspector
â€¢	Há»‡ thá»‘ng hiá»ƒn thá»‹:
o	Ná»™i dung yÃªu cáº§u bá»• sung tá»« Inspector
o	CÃ¡c cÃ¢u há»i / háº¡ng má»¥c cáº§n Seller pháº£n há»“i
â€¢	Chá»‰ hiá»ƒn thá»‹ yÃªu cáº§u chÆ°a Ä‘Æ°á»£c pháº£n há»“i
â€¢	YÃªu cáº§u Ä‘Ã£ xá»­ lÃ½ â†’ khÃ´ng hiá»ƒn thá»‹ táº¡i mÃ n nÃ y
________________________________________
BR-S42-F02 â€“ Seller nháº­p ná»™i dung tráº£ lá»i
â€¢	Seller chá»‰ Ä‘Æ°á»£c nháº­p pháº£n há»“i cho cÃ¡c yÃªu cáº§u Inspector Ä‘Ã£ Ä‘Æ°a ra
â€¢	KhÃ´ng cho phÃ©p thÃªm ná»™i dung ngoÃ i pháº¡m vi yÃªu cáº§u
â€¢	Ná»™i dung tráº£ lá»i khÃ´ng Ä‘Æ°á»£c Ä‘á»ƒ trá»‘ng náº¿u yÃªu cáº§u báº¯t buá»™c pháº£n há»“i
________________________________________
BR-S42-F03 â€“ Validate ná»™i dung tráº£ lá»i
â€¢	TrÆ°á»›c khi gá»­i pháº£n há»“i:
o	Kiá»ƒm tra field báº¯t buá»™c Ä‘Ã£ Ä‘Æ°á»£c tráº£ lá»i
â€¢	Thiáº¿u ná»™i dung:
o	Disable nÃºt Gá»­i pháº£n há»“i
o	Hiá»ƒn thá»‹ lá»—i táº¡i field tÆ°Æ¡ng á»©ng
________________________________________
Function 2 â€“ Upload tÃ i liá»‡u / áº£nh
BR-S42-F04 â€“ Upload tÃ i liá»‡u / áº£nh
â€¢	Seller cÃ³ thá»ƒ upload:
o	áº¢nh
o	TÃ i liá»‡u
â€¢	File Ä‘Æ°á»£c gáº¯n vá»›i Ä‘Ãºng yÃªu cáº§u Inspection
________________________________________
BR-S42-F05 â€“ Validate file upload
â€¢	File sai Ä‘á»‹nh dáº¡ng â†’ khÃ´ng cho upload
â€¢	File vÆ°á»£t kÃ­ch thÆ°á»›c â†’ khÃ´ng cho upload
â€¢	File lá»—i â†’ hiá»ƒn thá»‹ thÃ´ng bÃ¡o lá»—i cá»¥ thá»ƒ
________________________________________
BR-S42-F06 â€“ Quáº£n lÃ½ file Ä‘Ã£ upload
â€¢	File upload thÃ nh cÃ´ng:
o	Hiá»ƒn thá»‹ trong danh sÃ¡ch file pháº£n há»“i
â€¢	Seller cÃ³ thá»ƒ:
o	XÃ³a file trÆ°á»›c khi gá»­i pháº£n há»“i
â€¢	File bá»‹ xÃ³a â†’ khÃ´ng Ä‘Æ°á»£c gá»­i cho Inspector
________________________________________
BR-S42-F07 â€“ YÃªu cáº§u file (náº¿u cÃ³)
â€¢	Náº¿u Inspector yÃªu cáº§u báº¯t buá»™c upload file:
o	KhÃ´ng cÃ³ file â†’ khÃ´ng cho gá»­i pháº£n há»“i
â€¢	Náº¿u file lÃ  optional:
o	Cho phÃ©p gá»­i pháº£n há»“i khÃ´ng kÃ¨m file
________________________________________
Function 3 â€“ Gá»­i pháº£n há»“i
BR-S42-F08 â€“ Äiá»u kiá»‡n gá»­i pháº£n há»“i
â€¢	Chá»‰ cho phÃ©p gá»­i pháº£n há»“i khi:
o	ÄÃ£ tráº£ lá»i Ä‘áº§y Ä‘á»§ cÃ¡c ná»™i dung báº¯t buá»™c
o	ÄÃ£ upload Ä‘á»§ tÃ i liá»‡u/áº£nh báº¯t buá»™c (náº¿u cÃ³)
________________________________________
BR-S42-F09 â€“ Gá»­i pháº£n há»“i thÃ nh cÃ´ng
â€¢	Khi gá»­i thÃ nh cÃ´ng:
o	Pháº£n há»“i Ä‘Æ°á»£c lÆ°u vÃ o há»‡ thá»‘ng
o	Gáº¯n vá»›i listing vÃ  inspection tÆ°Æ¡ng á»©ng
â€¢	Listing chuyá»ƒn sang tráº¡ng thÃ¡i:
o	Waiting Inspector Review (hoáº·c tráº¡ng thÃ¡i tÆ°Æ¡ng Ä‘Æ°Æ¡ng)
________________________________________
BR-S42-F10 â€“ Sau khi gá»­i pháº£n há»“i
â€¢	Seller:
o	KhÃ´ng Ä‘Æ°á»£c chá»‰nh sá»­a pháº£n há»“i Ä‘Ã£ gá»­i
â€¢	Há»‡ thá»‘ng:
o	Äiá»u hÆ°á»›ng Seller vá» Listing Detail hoáº·c Listing Status View
________________________________________
Function 4 â€“ Optional behavior (BP4)
BR-S42-F11 â€“ MÃ n hÃ¬nh Optional
â€¢	Náº¿u Inspection Response khÃ´ng Ä‘Æ°á»£c báº­t cho BP hiá»‡n táº¡i:
o	KhÃ´ng hiá»ƒn thá»‹ CTA Ä‘iá»u hÆ°á»›ng Ä‘áº¿n S-42
â€¢	Seller khÃ´ng thá»ƒ truy cáº­p trá»±c tiáº¿p báº±ng URL",
S-43 â€“ Inspection Summary â€“ BP4,"F1. Load inspection summary
Input: inspectionId
Load:
listing info
inspector info
overall score
summary conclusion
inspection date
F2. Load inspection checklist
Load danh sÃ¡ch checklist:
category
item
result (pass/fail)
remark
F3. Load inspection media
Load:
áº£nh / video
phÃ¢n loáº¡i theo category
F4. Read-only enforcement
Disable:
- edit
- upload
- approve / reject
",medium,Dev C ( LÃ¢m ),Sprint 2,"Má»¥c tiÃªu
Inspector xem káº¿t quáº£ tá»•ng há»£p kiá»ƒm Ä‘á»‹nh
LÃ  Ä‘áº§u ra cuá»‘i cá»§a BP4
KHÃ”NG action
Actor & Permission
Actor: Inspector
Äiá»u kiá»‡n:
- CÃ³ inspectionReport tá»“n táº¡i
- Inspector Ä‘Æ°á»£c assign inspection Ä‘Ã³
Output
Entry tá»«: BP4 flow
Exit:
- Back to Inspector Dashboard
- Back to Inspection Request Detail",,
S-50 â€“ Purchase / Deposit Request (Review & Confirm) (Buyer) â€“ BP5,"FUNCTION GROUP A â€“ Load & Pre-check
F1. Load listing information
Input: listingId
Load:
- Listing title
- seller basic info
- price
- current listing status
Rule:
- Náº¿u status â‰  APPROVED â†’ redirect + show error
F2. Load buyer information
Láº¥y tá»« session:
- buyerId
- buyer profile (readonly)
KhÃ´ng cho chá»‰nh sá»­a táº¡i screen nÃ y
FUNCTION GROUP B â€“ Step 1: Input Request
F3. Select transaction type
Options:
- Purchase
- Deposit
Rule:
- Purchase â†’ depositAmount = 0
- Deposit â†’ depositAmount > 0
F4. Input desired transaction time
Input:
- desiredTime (datetime)
Validate:
- KhÃ´ng Ä‘Æ°á»£c á»Ÿ quÃ¡ khá»©
- KhÃ´ng quÃ¡ X ngÃ y (náº¿u cÃ³ rule)
F5. Input optional note
Optional text
Max length (vÃ­ dá»¥ 500 kÃ½ tá»±)
F6. Validate request input
Validate:
- transactionType â‰  null
- desiredTime há»£p lá»‡
- depositAmount (náº¿u cÃ³) > 0
Náº¿u fail:
- highlight field
- KHÃ”NG chuyá»ƒn sang review
FUNCTION GROUP C â€“ Step 2: Review & Confirm
(logic cá»§a S-51 cÅ©)
F7. Display transaction summary (readonly)
Hiá»ƒn thá»‹:
- Listing info
- Seller info
- Buyer info 
- Transaction type
- Desired time
- Estimated fees (platform / inspection)
F8. Back to edit
- Cho phÃ©p quay láº¡i Step 1
- KhÃ´ng máº¥t dá»¯ liá»‡u Ä‘Ã£ nháº­p
F9. Confirm transaction request
Khi Buyer click Confirm
Backend:
- Create Transaction
- status = PENDING_SELLER_CONFIRM
- link vá»›i:
  + listing
  + buyer
  + seller
Post-condition:
- Listing â†’ váº«n APPROVED (chÆ°a HELD)
- Seller Ä‘Æ°á»£c notify
FUNCTION GROUP D â€“ Error & Edge case
F10. Prevent duplicate request (optional, trÆ°á»ng há»£p nÃ y lÃ  1 buyer má»Ÿ 2 tab Ä‘á»ƒ mua cÃ¹ng 1 product)
Náº¿u Buyer Ä‘Ã£ cÃ³ transaction pending cho listing nÃ y:
- cháº·n táº¡o má»›i
- show warning
F11. Handle concurrent status change (chá»— nÃ y lÃ  backend check láº¡i Ä‘á»ƒ 1 products chá»‰ Ä‘Æ°á»£c mua bá»Ÿi 1 ngÆ°á»i)
Náº¿u listing chuyá»ƒn sang HELD trong lÃºc Buyer Ä‘ang review:
- block confirm
- reload + show message
",medium,Dev D (Huy),Sprint 2,"Multi-step
Output & Ä‘iá»u hÆ°á»›ng
Success:
- Redirect â†’ S-54 â€“ Transaction Detail (Buyer View)
Fail:
- á» láº¡i S-50 + show error",,
S-51 â€“ Transaction Summary (Buyer) â€“ BP5,"1. Xem thÃ´ng tin giao dá»‹ch
2. Há»§y request (náº¿u pending)",simple,Dev D,Sprint 2,,,
S-52 â€“ Pending Transactions (Seller) â€“ BP5,"F1. Load pending transactions
Filter:
- status = PENDING_SELLER_CONFIRM
Load:
- transactionId
- buyer name
- listing title
- transaction type
- created date
F2. Sort & filter
Sort theo:
- created date
Optional filter:
- purchase / deposit
F3. Navigate to transaction detail
Click row â†’ redirect S-53",medium,Dev D (Huy),Sprint 2,"Má»¥c tiÃªu
Seller xem danh sÃ¡ch transaction Ä‘ang chá» xá»­ lÃ½
Actor & Permission
Actor: Seller
Chá»‰ load transaction thuá»™c sellerId

Output
KhÃ´ng Ä‘á»•i tráº¡ng thÃ¡i
Chá»‰ list + Ä‘iá»u hÆ°á»›ng",,
S-53 â€“ Transaction Detail (Seller View) â€“ BP5,"F1. Load transaction detail
Load:
- buyer info
- listing info
- transaction type
- desired time
- fee breakdown
F2. Accept transaction
Action:
- status â†’ CONFIRMED
- listing â†’ HELD
Notify Buyer
F3. Prevent invalid action
Náº¿u status â‰  pending:
- disable CTA",medium,Dev D (Huy),Sprint 2,"Má»¥c tiÃªu
Seller:
xem chi tiáº¿t transaction
accept

Actor & Permission
Actor: Seller
Transaction status = PENDING_SELLER_CONFIRM

Output
- Success â†’ refresh detail
- Buyer Ä‘Æ°á»£c notify",,
S-54 â€“ Transaction Detail (Buyer View) â€“ BP5,"F1. Load transaction detail
Hiá»ƒn thá»‹:
- seller info
- listing info
- status
- timeline
F2. Cancel transaction
Condition:
- status = PENDING_SELLER_CONFIRM
Action:
transaction â†’ CANCELLED
listing â†’ APPROVED
F3. Prevent invalid cancel
Náº¿u status â‰  pending:
- disable cancel",medium,Dev D (Huy),Sprint 2,"Má»¥c tiÃªu
Buyer theo dÃµi tráº¡ng thÃ¡i transaction
Actor & Permission
Actor: Buyer
BuyerId pháº£i match transaction
Output
Redirect vá» Buyer Transaction List",,
S-60 â€“ Shipper Dashboard â€“ BP6,"F1. Load delivery summary
Count:
- assigned
- in-progress
- failed
F2. Navigate
CTA:
- View Assigned Deliveries â†’ S-61",simple,Dev D (Huy),Sprint 3,"Má»¥c tiÃªu
Overview cÃ´ng viá»‡c shipper
",,
S-61 â€“ Assigned Deliveries (Detail View) â€“ BP6,"FUNCTION GROUP A â€“ Load deliveries
F1. Load assigned deliveries
Input:
- shipperId
Load list:
- deliveryId
- orderId
- pickup city
- delivery city
- status
- scheduled time
F2. Filter deliveries by status
Filter:
- Assigned
- In Progress
- Failed
Optional
FUNCTION GROUP B â€“ View delivery detail (gá»™p S-62)
F3. Select delivery from list
Trigger:
- click 1 row
Load detail:
- seller info
- buyer info
- pickup address
- delivery address
- contact info
- current status
F4. Display delivery timeline (readonly)
Hiá»ƒn thá»‹:
- assigned time
- shipped time (náº¿u cÃ³)
- expected delivery time
FUNCTION GROUP C â€“ Navigate to action screens
F5. Navigate to delivery confirmation
Condition:
- status = IN_PROGRESS
Action:
- redirect â†’ S-63 â€“ Delivery Confirmation
F6. Navigate to delivery failed report
Condition:
- delivery failed
Action:
- redirect â†’ S-64 â€“ Delivery Failed Report
FUNCTION GROUP D â€“ Security & consistency
F7. Prevent unauthorized access
Náº¿u shipperId â‰  assigned shipper:
- block access
- redirect
F8. Refresh delivery status
Náº¿u status thay Ä‘á»•i (vÃ­ dá»¥ Ä‘Ã£ completed):
- disable CTA
- show info message
",medium,Dev D (Huy),Sprint 3,"Má»¥c tiÃªu
Cho Shipper:
- xem táº¥t cáº£ delivery Ä‘Æ°á»£c gÃ¡n
- xem chi tiáº¿t tá»«ng delivery
- Ä‘iá»u hÆ°á»›ng sang screen action (S-63 / S-64)

Actor & quyá»n
Actor: Shipper
Permission:
- Shipper Ä‘Äƒng nháº­p
- Chá»‰ tháº¥y delivery Ä‘Æ°á»£c assign cho mÃ¬nh

Output & Ä‘iá»u hÆ°á»›ng
KhÃ´ng thay Ä‘á»•i tráº¡ng thÃ¡i delivery táº¡i screen nÃ y
Má»i thay Ä‘á»•i tráº¡ng thÃ¡i:
chá»‰ xáº£y ra á»Ÿ S-63 / S-64",,
S-62 â€“ Delivery Detail â€“ BP6,"1. Xem thÃ´ng tin giao hÃ ng
2. LiÃªn há»‡ Buyer / Seller",medium,Dev D,Sprint 3,Remove S-62,,
S-63 â€“ Delivery Confirmation â€“ BP6,"F1. Load delivery info
Hiá»ƒn thá»‹:
- buyer info
- address
- order info
F2. Confirm delivery
Input:
receiver name
receiver phone
signature image (optional, khoi cung dc)

Action:

delivery â†’ DELIVERED

transaction â†’ COMPLETED

listing â†’ SOLD

F3. Prevent double submit

Náº¿u delivery â‰  IN_PROGRESS:

block confirm",complex,Dev D (Huy),Sprint 3,"Má»¥c tiÃªu
XÃ¡c nháº­n giao hÃ ng thÃ nh cÃ´ng

Permission
Shipper pháº£i Ä‘Æ°á»£c assign
Delivery status = IN_PROGRESS

Output
Redirect â†’ Shipper Dashboard",,
S-64 â€“ Delivery Failed Report â€“ BP6 â†’ BP7,"F1. Input failed reason
Require:
- reason
- optional image proof (khoi cung duoc)
F2. Submit failed report
Action:
- delivery â†’ FAILED
- transaction â†’ IN_DISPUTE
- Notify Buyer/Seller
",medium,Dev D (Huy),Sprint 3,"Má»¥c tiÃªu
BÃ¡o cÃ¡o giao hÃ ng tháº¥t báº¡i
Permission
Shipper Ä‘Æ°á»£c assign
Delivery status = IN_PROGRESS
Output
Redirect â†’ Shipper Dashboard",,
"S-70 â€“ Dispute Creation (Buyer, Seller) â€“ BP7",,medium,Dev B ( Quang ),Sprint 3,,,
"S-71 â€“ Dispute List (Inspector, Admin) â€“ BP7",,medium,Dev C ( LÃ¢m ),Sprint 3,,,
S-72 â€“ Dispute Detail (Inspector) â€“ BP7,,medium,Dev C ( LÃ¢m ),Sprint 3,,,
S-73 â€“ Dispute Resolution (Inspector) â€“ BP7,,complex,Dev C ( LÃ¢m ),Sprint 3,,,
"S-74 â€“ Dispute Result View (Buyer, Seller) â€“ BP7",,simple,Dev B ( Quang ),Sprint 3,,,
S-80 â€“ Admin Dashboard â€“ Supporting,,simple,Dev E (Äáº¡t ),Sprint 3,,,
S-81 â€“ User Management â€“ Supporting,,complex,Dev E (Äáº¡t ),Sprint 3,,,
S-82 â€“ Audit Log â€“ Supporting,,medium,Dev E (Äáº¡t ),Sprint 3,,,
S-83 â€“ Dispute Override â€“ BP7 (Special),,complex,Dev E (Äáº¡t ),Sprint 3,,,
,,,,,,,
Note,,,,,,,
"level easy: <=3 No of Transaction tÆ°Æ¡ng á»©ng vá»›i (CRUD)

level medium: >3 & <=8  _______

level complex: >8 _______",,,,,,,
"SPRINT 1
S-02 / S-03 â€“ Login / Register
S-10 / S-11 â€“ Seller Dashboard + My Listings
S-12 â†’ S-14 â€“ Create Listing Flow
S-20 â†’ S-22 â€“ Inspector duyá»‡t
S-01 â€“ Home (kÃ¨m search keyword)
S-31 â†’ S-32 â€“ Buyer Listing List + Detail


SPRINT 2 â€“ Giao dá»‹ch & kiá»ƒm Ä‘á»‹nh
A. HoÃ n thiá»‡n Listing & Inspection (tiáº¿p ná»‘i Sprint 1)
S-16 â€“ Edit Listing
S-18 â€“ Draft Listings
S-19 â€“ Listing Need More Info
S-40 â€“ Inspection Chat Thread
S-41 â€“ Inspection Request Detail
S-42 â€“ Inspection Response (Seller)
S-43 â€“ Inspection Summary
B. Core Transaction Flow (BP5)
S-50 â€“ Purchase / Deposit Request (Buyer)
S-51 â€“ Transaction Summary (Buyer)
S-52 â€“ Pending Transactions (Seller)
S-53 â€“ Transaction Detail (Seller)
âœ… S-54 â€“ Transaction Detail (Buyer) â† CORE, chá»‘t giao dá»‹ch
C. Delivery â€“ CORE (chá»‰ pháº§n chÃ­nh)
S-60 â€“ Shipper Dashboard
S-61 â€“ Assigned Deliveries
S-62 â€“ Delivery Detail



SPRINT 3 â€“ Exception & Supporting
A. Delivery Result & Exception
S-63 â€“ Delivery Confirmation
S-64 â€“ Delivery Failed Report
B. Dispute Flow (BP7)
S-70 â€“ Dispute Creation
S-71 â€“ Dispute List
S-72 â€“ Dispute Detail
S-73 â€“ Dispute Resolution
S-74 â€“ Dispute Result View
C. Buyer Convenience (FE Supporting)
ğŸŸ© My Orders
Overview Ä‘Æ¡n mua
Äiá»u hÆ°á»›ng vÃ o S-54
Empty state + CTA
ğŸ“Œ Äáº·t á»Ÿ Ä‘Ã¢y lÃ  Ä‘Ãºng nháº¥t:
ÄÃ£ cÃ³ order
ÄÃ£ cÃ³ delivery
ÄÃ£ cÃ³ dispute
D. User & System Supporting
S-04 â€“ User Profile
S-05 â€“ Notification Center
ğŸ”¹ E. Admin (luÃ´n Ä‘á»ƒ cuá»‘i)
S-80 â€“ Admin Dashboard
S-81 â€“ User Management
S-82 â€“ Audit Log
S-83 â€“ Dispute Override
ğŸ”¹ F. Optional / Nice-to-have
S-24 â€“ Review History (Optional)
",,,,,,,